
{
  "header": {
    "reportVersion": 1,
    "event": "Allocation failed - JavaScript heap out of memory",
    "trigger": "FatalError",
    "filename": "report.20200613.110150.9596.0.001.json",
    "dumpEventTime": "2020-06-13T11:01:50Z",
    "dumpEventTimeStamp": "1592060510987",
    "processId": 9596,
    "cwd": "D:\\Proyectos\\Proyecto Vety\\FrontEnd\\vetyview",
    "commandLine": [
      "node",
      "D:\\Proyectos\\Proyecto Vety\\FrontEnd\\vetyview\\node_modules\\.bin\\\\..\\nuxt\\bin\\nuxt.js"
    ],
    "nodejsVersion": "v12.13.1",
    "wordSize": 64,
    "arch": "x64",
    "platform": "win32",
    "componentVersions": {
      "node": "12.13.1",
      "v8": "7.7.299.13-node.16",
      "uv": "1.33.1",
      "zlib": "1.2.11",
      "brotli": "1.0.7",
      "ares": "1.15.0",
      "modules": "72",
      "nghttp2": "1.39.2",
      "napi": "5",
      "llhttp": "1.1.4",
      "http_parser": "2.8.0",
      "openssl": "1.1.1d",
      "cldr": "35.1",
      "icu": "64.2",
      "tz": "2019c",
      "unicode": "12.1"
    },
    "release": {
      "name": "node",
      "lts": "Erbium",
      "headersUrl": "https://nodejs.org/download/release/v12.13.1/node-v12.13.1-headers.tar.gz",
      "sourceUrl": "https://nodejs.org/download/release/v12.13.1/node-v12.13.1.tar.gz",
      "libUrl": "https://nodejs.org/download/release/v12.13.1/win-x64/node.lib"
    },
    "osName": "Windows_NT",
    "osRelease": "10.0.18362",
    "osVersion": "Windows 10 Pro",
    "osMachine": "x86_64",
    "cpus": [
      {
        "model": "Intel(R) Core(TM) i3-8100 CPU @ 3.60GHz",
        "speed": 3600,
        "user": 1158421,
        "nice": 0,
        "sys": 1619890,
        "idle": 16797390,
        "irq": 180500
      },
      {
        "model": "Intel(R) Core(TM) i3-8100 CPU @ 3.60GHz",
        "speed": 3600,
        "user": 1232937,
        "nice": 0,
        "sys": 1462703,
        "idle": 16879812,
        "irq": 9000
      },
      {
        "model": "Intel(R) Core(TM) i3-8100 CPU @ 3.60GHz",
        "speed": 3600,
        "user": 1247062,
        "nice": 0,
        "sys": 1253937,
        "idle": 17074453,
        "irq": 8515
      },
      {
        "model": "Intel(R) Core(TM) i3-8100 CPU @ 3.60GHz",
        "speed": 3600,
        "user": 1321609,
        "nice": 0,
        "sys": 1532812,
        "idle": 16721031,
        "irq": 6531
      }
    ],
    "networkInterfaces": [
      {
        "name": "Wi-Fi",
        "internal": false,
        "mac": "5c:33:8e:c9:3f:61",
        "address": "fe80::ed23:b164:6ac1:e437",
        "netmask": "ffff:ffff:ffff:ffff::",
        "family": "IPv6",
        "scopeid": 6
      },
      {
        "name": "Wi-Fi",
        "internal": false,
        "mac": "5c:33:8e:c9:3f:61",
        "address": "192.168.43.51",
        "netmask": "255.255.255.0",
        "family": "IPv4"
      },
      {
        "name": "Loopback Pseudo-Interface 1",
        "internal": true,
        "mac": "00:00:00:00:00:00",
        "address": "::1",
        "netmask": "ffff:ffff:ffff:ffff:ffff:ffff:ffff:ffff",
        "family": "IPv6",
        "scopeid": 0
      },
      {
        "name": "Loopback Pseudo-Interface 1",
        "internal": true,
        "mac": "00:00:00:00:00:00",
        "address": "127.0.0.1",
        "netmask": "255.0.0.0",
        "family": "IPv4"
      }
    ],
    "host": "DESKTOP-M1QDT5E"
  },
  "javascriptStack": {
    "message": "No stack.",
    "stack": [
      "Unavailable."
    ]
  },
  "nativeStack": [
    {
      "pc": "0x00007ff7da301729",
      "symbol": "std::basic_ostream<char,std::char_traits<char> >::operator<<+10873"
    },
    {
      "pc": "0x00007ff7da305b4c",
      "symbol": "std::basic_ostream<char,std::char_traits<char> >::operator<<+28316"
    },
    {
      "pc": "0x00007ff7da304b08",
      "symbol": "std::basic_ostream<char,std::char_traits<char> >::operator<<+24152"
    },
    {
      "pc": "0x00007ff7da3f369b",
      "symbol": "v8::base::CPU::has_sse+37723"
    },
    {
      "pc": "0x00007ff7dabf82de",
      "symbol": "v8::Isolate::ReportExternalAllocationLimitReached+94"
    },
    {
      "pc": "0x00007ff7dabe0321",
      "symbol": "v8::SharedArrayBuffer::Externalize+833"
    },
    {
      "pc": "0x00007ff7daaadbec",
      "symbol": "v8::internal::Heap::EphemeronKeyWriteBarrierFromCode+1436"
    },
    {
      "pc": "0x00007ff7daab8f90",
      "symbol": "v8::internal::Heap::ProtectUnprotectedMemoryChunks+1312"
    },
    {
      "pc": "0x00007ff7daab5ac4",
      "symbol": "v8::internal::Heap::PageFlagsAreConsistent+3204"
    },
    {
      "pc": "0x00007ff7daaab353",
      "symbol": "v8::internal::Heap::CollectGarbage+1283"
    },
    {
      "pc": "0x00007ff7daaa9b24",
      "symbol": "v8::internal::Heap::AddRetainedMap+2356"
    },
    {
      "pc": "0x00007ff7daacadf5",
      "symbol": "v8::internal::Factory::NewFillerObject+53"
    },
    {
      "pc": "0x00007ff7da836e19",
      "symbol": "v8::internal::interpreter::JumpTableTargetOffsets::iterator::operator=+4057"
    },
    {
      "pc": "0x00007ff7db02404d",
      "symbol": "v8::internal::SetupIsolateDelegate::SetupHeap+567949"
    },
    {
      "pc": "0x00000044adf9b62e",
      "symbol": ""
    }
  ],
  "javascriptHeap": {
    "totalMemory": 2164273152,
    "totalCommittedMemory": 2164273152,
    "usedMemory": 2144119880,
    "availableMemory": 39984640,
    "memoryLimit": 2197815296,
    "heapSpaces": {
      "read_only_space": {
        "memorySize": 262144,
        "committedMemory": 262144,
        "capacity": 261872,
        "used": 32296,
        "available": 229576
      },
      "new_space": {
        "memorySize": 4194304,
        "committedMemory": 4194304,
        "capacity": 2094976,
        "used": 348432,
        "available": 1746544
      },
      "old_space": {
        "memorySize": 1875488768,
        "committedMemory": 1875488768,
        "capacity": 1866458216,
        "used": 1864086816,
        "available": 2371400
      },
      "code_space": {
        "memorySize": 4096000,
        "committedMemory": 4096000,
        "capacity": 3548928,
        "used": 3548928,
        "available": 0
      },
      "map_space": {
        "memorySize": 12062720,
        "committedMemory": 12062720,
        "capacity": 8580720,
        "used": 8580720,
        "available": 0
      },
      "large_object_space": {
        "memorySize": 267259904,
        "committedMemory": 267259904,
        "capacity": 266701056,
        "used": 266701056,
        "available": 0
      },
      "code_large_object_space": {
        "memorySize": 909312,
        "committedMemory": 909312,
        "capacity": 821632,
        "used": 821632,
        "available": 0
      },
      "new_large_object_space": {
        "memorySize": 0,
        "committedMemory": 0,
        "capacity": 2094976,
        "used": 0,
        "available": 2094976
      }
    }
  },
  "resourceUsage": {
    "userCpuSeconds": 192.875,
    "kernelCpuSeconds": 17.187,
    "cpuConsumptionPercent": 3.04747,
    "maxRss": 2156347392,
    "pageFaults": {
      "IORequired": 2252930,
      "IONotRequired": 0
    },
    "fsActivity": {
      "reads": 9228,
      "writes": 300
    }
  },
  "libuv": [
  ],
  "environmentVariables": {
    "=C:": "C:\\",
    "=D:": "D:\\Proyectos\\Proyecto Vety\\FrontEnd\\vetyview",
    "ALLUSERSPROFILE": "C:\\ProgramData",
    "APPDATA": "C:\\Users\\Omarito\\AppData\\Roaming",
    "CommonProgramFiles": "C:\\Program Files\\Common Files",
    "CommonProgramFiles(x86)": "C:\\Program Files (x86)\\Common Files",
    "CommonProgramW6432": "C:\\Program Files\\Common Files",
    "COMPUTERNAME": "DESKTOP-M1QDT5E",
    "ComSpec": "C:\\Windows\\system32\\cmd.exe",
    "dp0": "D:\\Proyectos\\Proyecto Vety\\FrontEnd\\vetyview\\node_modules\\.bin\\",
    "DriverData": "C:\\Windows\\System32\\Drivers\\DriverData",
    "FPS_BROWSER_APP_PROFILE_STRING": "Internet Explorer",
    "FPS_BROWSER_USER_PROFILE_STRING": "Default",
    "FSHARPINSTALLDIR": "C:\\Program Files (x86)\\Microsoft SDKs\\F#\\10.1\\Framework\\v4.0\\",
    "HOME": "C:\\Users\\Omarito",
    "HOMEDRIVE": "C:",
    "HOMEPATH": "\\Users\\Omarito",
    "INIT_CWD": "D:\\Proyectos\\Proyecto Vety\\FrontEnd\\vetyview",
    "JAVA_HOME": "C:\\Program Files (x86)\\Java\\jdk1.8.0_172",
    "LOCALAPPDATA": "C:\\Users\\Omarito\\AppData\\Local",
    "LOGONSERVER": "\\\\DESKTOP-M1QDT5E",
    "NODE": "C:\\Program Files\\nodejs\\node.exe",
    "NODE_ENV": "development",
    "NODE_EXE": "C:\\Program Files\\nodejs\\\\node.exe",
    "NPM_CLI_JS": "C:\\Program Files\\nodejs\\\\node_modules\\npm\\bin\\npm-cli.js",
    "npm_config_access": "",
    "npm_config_allow_same_version": "",
    "npm_config_also": "",
    "npm_config_always_auth": "",
    "npm_config_argv": "{\"remain\":[],\"cooked\":[\"run\",\"dev\"],\"original\":[\"run\",\"dev\"]}",
    "npm_config_audit": "true",
    "npm_config_audit_level": "low",
    "npm_config_auth_type": "legacy",
    "npm_config_before": "",
    "npm_config_bin_links": "true",
    "npm_config_browser": "",
    "npm_config_ca": "",
    "npm_config_cache": "C:\\Users\\Omarito\\AppData\\Roaming\\npm-cache",
    "npm_config_cache_lock_retries": "10",
    "npm_config_cache_lock_stale": "60000",
    "npm_config_cache_lock_wait": "10000",
    "npm_config_cache_max": "Infinity",
    "npm_config_cache_min": "10",
    "npm_config_cafile": "",
    "npm_config_cert": "",
    "npm_config_cidr": "",
    "npm_config_color": "true",
    "npm_config_commit_hooks": "true",
    "npm_config_depth": "Infinity",
    "npm_config_description": "true",
    "npm_config_dev": "",
    "npm_config_dry_run": "",
    "npm_config_editor": "notepad.exe",
    "npm_config_engine_strict": "",
    "npm_config_fetch_retries": "2",
    "npm_config_fetch_retry_factor": "10",
    "npm_config_fetch_retry_maxtimeout": "60000",
    "npm_config_fetch_retry_mintimeout": "10000",
    "npm_config_force": "",
    "npm_config_format_package_lock": "true",
    "npm_config_git": "git",
    "npm_config_git_tag_version": "true",
    "npm_config_global": "",
    "npm_config_globalconfig": "C:\\Users\\Omarito\\AppData\\Roaming\\npm\\etc\\npmrc",
    "npm_config_globalignorefile": "C:\\Users\\Omarito\\AppData\\Roaming\\npm\\etc\\npmignore",
    "npm_config_global_style": "",
    "npm_config_group": "",
    "npm_config_ham_it_up": "",
    "npm_config_heading": "npm",
    "npm_config_https_proxy": "",
    "npm_config_if_present": "",
    "npm_config_ignore_prepublish": "",
    "npm_config_ignore_scripts": "",
    "npm_config_init_author_email": "",
    "npm_config_init_author_name": "",
    "npm_config_init_author_url": "",
    "npm_config_init_license": "ISC",
    "npm_config_init_module": "C:\\Users\\Omarito\\.npm-init.js",
    "npm_config_init_version": "1.0.0",
    "npm_config_json": "",
    "npm_config_key": "",
    "npm_config_legacy_bundling": "",
    "npm_config_link": "",
    "npm_config_local_address": "",
    "npm_config_loglevel": "notice",
    "npm_config_logs_max": "10",
    "npm_config_long": "",
    "npm_config_maxsockets": "50",
    "npm_config_message": "%s",
    "npm_config_metrics_registry": "https://registry.npmjs.org/",
    "npm_config_node_gyp": "C:\\Program Files\\nodejs\\node_modules\\npm\\node_modules\\node-gyp\\bin\\node-gyp.js",
    "npm_config_node_options": "",
    "npm_config_node_version": "12.13.1",
    "npm_config_noproxy": "",
    "npm_config_offline": "",
    "npm_config_onload_script": "",
    "npm_config_only": "",
    "npm_config_optional": "true",
    "npm_config_otp": "",
    "npm_config_package_lock": "true",
    "npm_config_package_lock_only": "",
    "npm_config_parseable": "",
    "npm_config_prefer_offline": "",
    "npm_config_prefer_online": "",
    "npm_config_prefix": "C:\\Users\\Omarito\\AppData\\Roaming\\npm",
    "npm_config_preid": "",
    "npm_config_production": "",
    "npm_config_progress": "true",
    "npm_config_proxy": "",
    "npm_config_read_only": "",
    "npm_config_rebuild_bundle": "true",
    "npm_config_registry": "https://registry.npmjs.org/",
    "npm_config_rollback": "true",
    "npm_config_save": "true",
    "npm_config_save_bundle": "",
    "npm_config_save_dev": "",
    "npm_config_save_exact": "",
    "npm_config_save_optional": "",
    "npm_config_save_prefix": "^",
    "npm_config_save_prod": "",
    "npm_config_scope": "",
    "npm_config_scripts_prepend_node_path": "warn-only",
    "npm_config_script_shell": "",
    "npm_config_searchexclude": "",
    "npm_config_searchlimit": "20",
    "npm_config_searchopts": "",
    "npm_config_searchstaleness": "900",
    "npm_config_send_metrics": "",
    "npm_config_shell": "C:\\Windows\\system32\\cmd.exe",
    "npm_config_shrinkwrap": "true",
    "npm_config_sign_git_commit": "",
    "npm_config_sign_git_tag": "",
    "npm_config_sso_poll_frequency": "500",
    "npm_config_sso_type": "oauth",
    "npm_config_strict_ssl": "true",
    "npm_config_tag": "latest",
    "npm_config_tag_version_prefix": "v",
    "npm_config_timing": "",
    "npm_config_tmp": "C:\\Users\\Omarito\\AppData\\Local\\Temp",
    "npm_config_umask": "0000",
    "npm_config_unicode": "",
    "npm_config_unsafe_perm": "true",
    "npm_config_update_notifier": "true",
    "npm_config_usage": "",
    "npm_config_user": "",
    "npm_config_userconfig": "C:\\Users\\Omarito\\.npmrc",
    "npm_config_user_agent": "npm/6.12.1 node/v12.13.1 win32 x64",
    "npm_config_version": "",
    "npm_config_versions": "",
    "npm_config_viewer": "browser",
    "npm_execpath": "C:\\Program Files\\nodejs\\node_modules\\npm\\bin\\npm-cli.js",
    "npm_lifecycle_event": "dev",
    "npm_lifecycle_script": "nuxt",
    "npm_node_execpath": "C:\\Program Files\\nodejs\\node.exe",
    "npm_package_author_name": "Omar Guerra",
    "npm_package_dependencies_nuxt": "^2.0.0",
    "npm_package_dependencies_vue_avatar": "^2.3.0",
    "npm_package_dependencies__nuxtjs_auth": "^4.9.1",
    "npm_package_dependencies__nuxtjs_axios": "^5.11.0",
    "npm_package_description": "My lovely Nuxt.js project",
    "npm_package_devDependencies_babel_eslint": "^10.0.1",
    "npm_package_devDependencies_eslint": "^6.1.0",
    "npm_package_devDependencies_eslint_plugin_nuxt": ">=0.4.2",
    "npm_package_devDependencies_vuetify": "*",
    "npm_package_devDependencies__nuxtjs_eslint_config": "^2.0.0",
    "npm_package_devDependencies__nuxtjs_eslint_module": "^1.0.0",
    "npm_package_devDependencies__nuxtjs_vuetify": "^1.0.0",
    "npm_package_gitHead": "cc6388078df954564008e995ea20954e2630ba73",
    "npm_package_name": "vetyview",
    "npm_package_private": "true",
    "npm_package_readmeFilename": "README.md",
    "npm_package_scripts_build": "nuxt build",
    "npm_package_scripts_dev": "nuxt",
    "npm_package_scripts_generate": "nuxt generate",
    "npm_package_scripts_lint": "eslint --ext .js,.vue --ignore-path .gitignore .",
    "npm_package_scripts_start": "nuxt start",
    "npm_package_version": "1.0.0",
    "NPM_PREFIX_NPM_CLI_JS": "C:\\Users\\Omarito\\AppData\\Roaming\\npm\\node_modules\\npm\\bin\\npm-cli.js",
    "NUMBER_OF_PROCESSORS": "4",
    "OneDrive": "C:\\Users\\Omarito\\OneDrive",
    "OS": "Windows_NT",
    "Path": "C:\\Program Files\\nodejs\\node_modules\\npm\\node_modules\\npm-lifecycle\\node-gyp-bin;D:\\Proyectos\\Proyecto Vety\\FrontEnd\\vetyview\\node_modules\\.bin;C:\\Program Files (x86)\\Intel\\Intel(R) Management Engine Components\\iCLS\\;C:\\Program Files\\Intel\\Intel(R) Management Engine Components\\iCLS\\;C:\\Windows\\system32;C:\\Windows;C:\\Windows\\System32\\Wbem;C:\\Windows\\System32\\WindowsPowerShell\\v1.0\\;C:\\Windows\\System32\\OpenSSH\\;C:\\Program Files (x86)\\Intel\\Intel(R) Management Engine Components\\DAL;C:\\Program Files\\Intel\\Intel(R) Management Engine Components\\DAL;C:\\Program Files (x86)\\Intel\\Intel(R) Management Engine Components\\IPT;C:\\Program Files\\Intel\\Intel(R) Management Engine Components\\IPT;C:\\Program Files\\nodejs\\;C:\\ProgramData\\ComposerSetup\\bin;C:\\Program Files (x86)\\Yarn\\bin\\;C:\\Program Files\\dotnet\\;C:\\Program Files\\MySQL\\MySQL Utilities 1.6\\;C:\\Program Files\\Microsoft VS Code\\bin;C:\\xampp\\php;C:\\laragon\\bin;C:\\laragon\\bin\\apache\\httpd-2.4.35-win64-VC15\\bin;C:\\laragon\\bin\\composer;C:\\laragon\\bin\\git\\bin;C:\\laragon\\bin\\git\\cmd;C:\\laragon\\bin\\git\\mingw64\\bin;C:\\laragon\\bin\\git\\usr\\bin;C:\\laragon\\bin\\laragon\\utils;C:\\laragon\\bin\\mysql\\mysql-5.7.24-winx64\\bin;C:\\laragon\\bin\\nginx\\nginx-1.14.0;C:\\laragon\\bin\\ngrok;C:\\laragon\\bin\\nodejs\\node-v12;C:\\laragon\\bin\\notepad++;C:\\laragon\\bin\\php\\php;C:\\laragon\\bin\\putty;C:\\laragon\\bin\\redis\\redis-x64-3.2.100;C:\\laragon\\bin\\telnet;C:\\laragon\\usr\\bin;C:\\Users\\Omarito\\AppData\\Local\\Yarn\\config\\global\\node_modules\\.bin;C:\\Users\\Omarito\\AppData\\Roaming\\Composer\\vendor\\bin;C:\\Users\\Omarito\\AppData\\Roaming\\npm;C:\\Program Files\\MySQL\\MySQL Shell 8.0\\bin\\;C:\\Users\\Omarito\\AppData\\Local\\Microsoft\\WindowsApps;C:\\Users\\Omarito\\AppData\\Local\\GitHubDesktop\\bin;C:\\Users\\Omarito\\AppData\\Local\\Yarn\\bin",
    "PATHEXT": ".COM;.EXE;.BAT;.CMD;.VBS;.VBE;.JSE;.WSF;.WSH;.MSC;.CPL",
    "PROCESSOR_ARCHITECTURE": "AMD64",
    "PROCESSOR_IDENTIFIER": "Intel64 Family 6 Model 158 Stepping 11, GenuineIntel",
    "PROCESSOR_LEVEL": "6",
    "PROCESSOR_REVISION": "9e0b",
    "PROG27B48B2C052": "1",
    "ProgramData": "C:\\ProgramData",
    "ProgramFiles": "C:\\Program Files",
    "ProgramFiles(x86)": "C:\\Program Files (x86)",
    "ProgramW6432": "C:\\Program Files",
    "PROMPT": "$P$G",
    "PSModulePath": "C:\\Users\\Omarito\\Documents\\WindowsPowerShell\\Modules;C:\\Program Files\\WindowsPowerShell\\Modules;C:\\Windows\\system32\\WindowsPowerShell\\v1.0\\Modules",
    "PUBLIC": "C:\\Users\\Public",
    "SESSIONNAME": "Console",
    "SystemDrive": "C:",
    "SystemRoot": "C:\\Windows",
    "TEMP": "C:\\Users\\Omarito\\AppData\\Local\\Temp",
    "TMP": "C:\\Users\\Omarito\\AppData\\Local\\Temp",
    "USERDOMAIN": "DESKTOP-M1QDT5E",
    "USERDOMAIN_ROAMINGPROFILE": "DESKTOP-M1QDT5E",
    "USERNAME": "Omarito",
    "USERPROFILE": "C:\\Users\\Omarito",
    "VS150COMCOMNTOOLS": "C:\\Program Files (x86)\\Microsoft Visual Studio\\2017\\Community\\Common7\\Tools\\",
    "VUE_ENV": "server",
    "windir": "C:\\Windows",
    "_AXIOS_BASE_URL_": "http://127.0.0.1:8000/api/",
    "_prog": "node"
  },
  "sharedObjects": [
    "C:\\Program Files\\nodejs\\node.exe",
    "C:\\Windows\\SYSTEM32\\ntdll.dll",
    "C:\\Windows\\System32\\KERNEL32.DLL",
    "C:\\Windows\\System32\\KERNELBASE.dll",
    "C:\\Windows\\System32\\WS2_32.dll",
    "C:\\Windows\\System32\\RPCRT4.dll",
    "C:\\Windows\\System32\\ADVAPI32.dll",
    "C:\\Windows\\System32\\msvcrt.dll",
    "C:\\Windows\\System32\\sechost.dll",
    "C:\\Windows\\System32\\USER32.dll",
    "C:\\Windows\\SYSTEM32\\dbghelp.dll",
    "C:\\Windows\\System32\\win32u.dll",
    "C:\\Windows\\System32\\ucrtbase.dll",
    "C:\\Windows\\System32\\GDI32.dll",
    "C:\\Windows\\System32\\gdi32full.dll",
    "C:\\Windows\\System32\\msvcp_win.dll",
    "C:\\Windows\\System32\\PSAPI.DLL",
    "C:\\Windows\\System32\\CRYPT32.dll",
    "C:\\Windows\\System32\\MSASN1.dll",
    "C:\\Windows\\System32\\bcrypt.dll",
    "C:\\Windows\\SYSTEM32\\IPHLPAPI.DLL",
    "C:\\Windows\\SYSTEM32\\USERENV.dll",
    "C:\\Windows\\System32\\profapi.dll",
    "C:\\Windows\\SYSTEM32\\WINMM.dll",
    "C:\\Windows\\SYSTEM32\\winmmbase.dll",
    "C:\\Windows\\System32\\cfgmgr32.dll",
    "C:\\Windows\\System32\\bcryptPrimitives.dll",
    "C:\\Windows\\System32\\IMM32.DLL",
    "C:\\Windows\\System32\\powrprof.dll",
    "C:\\Windows\\System32\\UMPDC.dll",
    "C:\\Windows\\SYSTEM32\\CRYPTBASE.DLL",
    "C:\\Windows\\system32\\uxtheme.dll",
    "C:\\Windows\\System32\\combase.dll",
    "C:\\Windows\\system32\\mswsock.dll",
    "C:\\Windows\\System32\\kernel.appcore.dll",
    "C:\\Windows\\System32\\NSI.dll",
    "C:\\Windows\\SYSTEM32\\dhcpcsvc6.DLL",
    "C:\\Windows\\SYSTEM32\\dhcpcsvc.DLL",
    "C:\\Windows\\SYSTEM32\\DNSAPI.dll",
    "C:\\Windows\\system32\\napinsp.dll",
    "C:\\Windows\\system32\\pnrpnsp.dll",
    "C:\\Windows\\System32\\winrnr.dll",
    "C:\\Windows\\system32\\NLAapi.dll",
    "C:\\Windows\\system32\\wshbth.dll",
    "C:\\Windows\\System32\\rasadhlp.dll",
    "C:\\Windows\\System32\\fwpuclnt.dll",
    "\\\\?\\D:\\Proyectos\\Proyecto Vety\\FrontEnd\\vetyview\\node_modules\\fibers\\bin\\win32-x64-72\\fibers.node"
  ]
}